{"max": [35.7356, 7.85036, 30.6115], "centroid": [-0.002061153751536627, 0.5157370172632258, 8.934640295202959], "id": "a0d3a490ee1b74762a4947824596dce3", "numVertices": 1626, "min": [-35.7356, -2.71707, -11.2065]}
